{
  "project_info": {
    "project_number": "24908419839",
    "project_id": "munar-876e6",
    "storage_bucket": "munar-876e6.appspot.com"
  },
  "client": [
    {
      "client_info": {
        "mobilesdk_app_id": "1:24908419839:android:909b4698f7c93891ac72ca",
        "android_client_info": {
          "package_name": "com.example.munar_exam"
        }
      },
      "oauth_client": [
        {
          "client_id": "24908419839-os683af3mmophpv0kcrn4a42rqb41k2n.apps.googleusercontent.com",
          "client_type": 3
        }
      ],
      "api_key": [
        {
          "current_key": "AIzaSyC_74_iWEddVuBiPPlDE0sqxdvpcwyygQU"
        }
      ],
      "services": {
        "appinvite_service": {
          "other_platform_oauth_client": [
            {
              "client_id": "24908419839-os683af3mmophpv0kcrn4a42rqb41k2n.apps.googleusercontent.com",
              "client_type": 3
            }
          ]
        }
      }
    }
  ],
  "configuration_version": "1"
}